surface,method,path,sample_index,latency_ms,http_status
tenant context,GET,/api/v1/meta/platform/,0,369.115,200
tenant context,GET,/api/v1/meta/platform/,1,447.277,200
tenant context,GET,/api/v1/meta/platform/,2,395.955,200
tenant context,GET,/api/v1/meta/platform/,3,449.979,200
tenant context,GET,/api/v1/meta/platform/,4,455.798,200
tenant context,GET,/api/v1/meta/platform/,5,619.242,200
tenant context,GET,/api/v1/meta/platform/,6,614.487,200
tenant context,GET,/api/v1/meta/platform/,7,573.642,200
tenant context,GET,/api/v1/meta/platform/,8,861.344,200
tenant context,GET,/api/v1/meta/platform/,9,920.965,200
tenant context,GET,/api/v1/meta/platform/,10,818.596,200
tenant context,GET,/api/v1/meta/platform/,11,1126.544,200
tenant context,GET,/api/v1/meta/platform/,12,994.342,200
tenant context,GET,/api/v1/meta/platform/,13,1221.97,200
tenant context,GET,/api/v1/meta/platform/,14,753.197,200
tenant context,GET,/api/v1/meta/platform/,15,819.218,200
tenant context,GET,/api/v1/meta/platform/,16,613.041,200
tenant context,GET,/api/v1/meta/platform/,17,1023.71,200
tenant context,GET,/api/v1/meta/platform/,18,717.824,200
tenant context,GET,/api/v1/meta/platform/,19,570.209,200
tenant context,GET,/api/v1/meta/platform/,20,862.528,200
tenant context,GET,/api/v1/meta/platform/,21,453.422,200
tenant context,GET,/api/v1/meta/platform/,22,672.62,200
tenant context,GET,/api/v1/meta/platform/,23,486.534,200
tenant context,GET,/api/v1/meta/platform/,24,368.106,200
tenant context,GET,/api/v1/meta/platform/,25,635.57,200
tenant context,GET,/api/v1/meta/platform/,26,501.273,200
tenant context,GET,/api/v1/meta/platform/,27,875.762,200
tenant context,GET,/api/v1/meta/platform/,28,732.183,200
tenant context,GET,/api/v1/meta/platform/,29,383.74,200
tenant context,GET,/api/v1/meta/platform/,30,622.846,200
tenant context,GET,/api/v1/meta/platform/,31,614.958,200
tenant context,GET,/api/v1/meta/platform/,32,818.983,200
tenant context,GET,/api/v1/meta/platform/,33,908.077,200
tenant context,GET,/api/v1/meta/platform/,34,832.642,200
tenant context,GET,/api/v1/meta/platform/,35,819.634,200
tenant context,GET,/api/v1/meta/platform/,36,918.474,200
tenant context,GET,/api/v1/meta/platform/,37,616.382,200
tenant context,GET,/api/v1/meta/platform/,38,614.617,200
tenant context,GET,/api/v1/meta/platform/,39,822.303,200
tenant context,GET,/api/v1/meta/platform/,40,764.609,200
tenant context,GET,/api/v1/meta/platform/,41,870.357,200
tenant context,GET,/api/v1/meta/platform/,42,715.369,200
tenant context,GET,/api/v1/meta/platform/,43,760.33,200
tenant context,GET,/api/v1/meta/platform/,44,549.827,200
tenant context,GET,/api/v1/meta/platform/,45,840.717,200
tenant context,GET,/api/v1/meta/platform/,46,718.037,200
tenant context,GET,/api/v1/meta/platform/,47,614.676,200
tenant context,GET,/api/v1/meta/platform/,48,751.946,200
tenant context,GET,/api/v1/meta/platform/,49,886.237,200
tenant context,GET,/api/v1/meta/platform/,50,715.368,200
tenant context,GET,/api/v1/meta/platform/,51,627.26,200
tenant context,GET,/api/v1/meta/platform/,52,310.356,200
tenant context,GET,/api/v1/meta/platform/,53,770.816,200
tenant context,GET,/api/v1/meta/platform/,54,544.124,200
tenant context,GET,/api/v1/meta/platform/,55,923.731,200
tenant context,GET,/api/v1/meta/platform/,56,817.484,200
tenant context,GET,/api/v1/meta/platform/,57,921.763,200
tenant context,GET,/api/v1/meta/platform/,58,867.27,200
tenant context,GET,/api/v1/meta/platform/,59,873.042,200
tenant context,GET,/api/v1/meta/platform/,60,915.856,200
tenant context,GET,/api/v1/meta/platform/,61,721.524,200
tenant context,GET,/api/v1/meta/platform/,62,613.528,200
tenant context,GET,/api/v1/meta/platform/,63,615.037,200
tenant context,GET,/api/v1/meta/platform/,64,614.707,200
tenant context,GET,/api/v1/meta/platform/,65,823.22,200
tenant context,GET,/api/v1/meta/platform/,66,713.352,200
tenant context,GET,/api/v1/meta/platform/,67,716.329,200
tenant context,GET,/api/v1/meta/platform/,68,921.191,200
tenant context,GET,/api/v1/meta/platform/,69,1228.887,200
tenant context,GET,/api/v1/meta/platform/,70,818.239,200
tenant context,GET,/api/v1/meta/platform/,71,615.301,200
tenant context,GET,/api/v1/meta/platform/,72,1022.605,200
tenant context,GET,/api/v1/meta/platform/,73,824.908,200
tenant context,GET,/api/v1/meta/platform/,74,712.26,200
tenant context,GET,/api/v1/meta/platform/,75,716.105,200
tenant context,GET,/api/v1/meta/platform/,76,548.35,200
tenant context,GET,/api/v1/meta/platform/,77,885.179,200
tenant context,GET,/api/v1/meta/platform/,78,613.277,200
tenant context,GET,/api/v1/meta/platform/,79,718.205,200
tenant context,GET,/api/v1/meta/platform/,80,818.817,200
tenant context,GET,/api/v1/meta/platform/,81,798.901,200
tenant context,GET,/api/v1/meta/platform/,82,598.237,200
tenant context,GET,/api/v1/meta/platform/,83,1265.776,200
tenant context,GET,/api/v1/meta/platform/,84,818.281,200
tenant context,GET,/api/v1/meta/platform/,85,820.238,200
tenant context,GET,/api/v1/meta/platform/,86,390.389,200
tenant context,GET,/api/v1/meta/platform/,87,733.895,200
tenant context,GET,/api/v1/meta/platform/,88,615.031,200
tenant context,GET,/api/v1/meta/platform/,89,877.947,200
tenant context,GET,/api/v1/meta/platform/,90,864.006,200
tenant context,GET,/api/v1/meta/platform/,91,509.898,200
tenant context,GET,/api/v1/meta/platform/,92,615.157,200
tenant context,GET,/api/v1/meta/platform/,93,716.332,200
tenant context,GET,/api/v1/meta/platform/,94,429.88,200
tenant context,GET,/api/v1/meta/platform/,95,698.653,200
tenant context,GET,/api/v1/meta/platform/,96,509.268,200
tenant context,GET,/api/v1/meta/platform/,97,900.065,200
tenant context,GET,/api/v1/meta/platform/,98,753.907,200
tenant context,GET,/api/v1/meta/platform/,99,598.397,200
catalog offerings,GET,/api/v1/catalog/programs/,0,922.349,200
catalog offerings,GET,/api/v1/catalog/programs/,1,716.32,200
catalog offerings,GET,/api/v1/catalog/programs/,2,921.241,200
catalog offerings,GET,/api/v1/catalog/programs/,3,613.916,200
catalog offerings,GET,/api/v1/catalog/programs/,4,718.163,200
catalog offerings,GET,/api/v1/catalog/programs/,5,791.756,200
catalog offerings,GET,/api/v1/catalog/programs/,6,717.068,200
catalog offerings,GET,/api/v1/catalog/programs/,7,845.172,200
catalog offerings,GET,/api/v1/catalog/programs/,8,510.734,200
catalog offerings,GET,/api/v1/catalog/programs/,9,922.587,200
catalog offerings,GET,/api/v1/catalog/programs/,10,921.656,200
catalog offerings,GET,/api/v1/catalog/programs/,11,613.143,200
catalog offerings,GET,/api/v1/catalog/programs/,12,614.625,200
catalog offerings,GET,/api/v1/catalog/programs/,13,717.523,200
catalog offerings,GET,/api/v1/catalog/programs/,14,613.348,200
catalog offerings,GET,/api/v1/catalog/programs/,15,614.29,200
catalog offerings,GET,/api/v1/catalog/programs/,16,718.821,200
catalog offerings,GET,/api/v1/catalog/programs/,17,715.066,200
catalog offerings,GET,/api/v1/catalog/programs/,18,715.495,200
catalog offerings,GET,/api/v1/catalog/programs/,19,718.435,200
catalog offerings,GET,/api/v1/catalog/programs/,20,823.868,429
catalog offerings,GET,/api/v1/catalog/programs/,21,507.522,429
catalog offerings,GET,/api/v1/catalog/programs/,22,715.305,429
catalog offerings,GET,/api/v1/catalog/programs/,23,623.923,429
catalog offerings,GET,/api/v1/catalog/programs/,24,395.233,429
catalog offerings,GET,/api/v1/catalog/programs/,25,722.109,429
catalog offerings,GET,/api/v1/catalog/programs/,26,614.774,429
catalog offerings,GET,/api/v1/catalog/programs/,27,831.687,429
catalog offerings,GET,/api/v1/catalog/programs/,28,1011.581,429
catalog offerings,GET,/api/v1/catalog/programs/,29,909.998,429
catalog offerings,GET,/api/v1/catalog/programs/,30,830.322,429
catalog offerings,GET,/api/v1/catalog/programs/,31,675.592,429
catalog offerings,GET,/api/v1/catalog/programs/,32,602.708,429
catalog offerings,GET,/api/v1/catalog/programs/,33,515.125,429
catalog offerings,GET,/api/v1/catalog/programs/,34,559.626,429
catalog offerings,GET,/api/v1/catalog/programs/,35,526.083,429
catalog offerings,GET,/api/v1/catalog/programs/,36,600.374,429
catalog offerings,GET,/api/v1/catalog/programs/,37,820.459,429
catalog offerings,GET,/api/v1/catalog/programs/,38,818.779,429
catalog offerings,GET,/api/v1/catalog/programs/,39,436.595,429
catalog offerings,GET,/api/v1/catalog/programs/,40,484.944,429
catalog offerings,GET,/api/v1/catalog/programs/,41,613.024,429
catalog offerings,GET,/api/v1/catalog/programs/,42,614.104,429
catalog offerings,GET,/api/v1/catalog/programs/,43,614.188,429
catalog offerings,GET,/api/v1/catalog/programs/,44,614.518,429
catalog offerings,GET,/api/v1/catalog/programs/,45,615.278,429
catalog offerings,GET,/api/v1/catalog/programs/,46,612.836,429
catalog offerings,GET,/api/v1/catalog/programs/,47,582.779,429
catalog offerings,GET,/api/v1/catalog/programs/,48,1019.507,429
catalog offerings,GET,/api/v1/catalog/programs/,49,856.69,429
catalog offerings,GET,/api/v1/catalog/programs/,50,818.663,429
catalog offerings,GET,/api/v1/catalog/programs/,51,696.981,429
catalog offerings,GET,/api/v1/catalog/programs/,52,838.678,429
catalog offerings,GET,/api/v1/catalog/programs/,53,819.676,429
catalog offerings,GET,/api/v1/catalog/programs/,54,817.77,429
catalog offerings,GET,/api/v1/catalog/programs/,55,600.263,429
catalog offerings,GET,/api/v1/catalog/programs/,56,526.394,429
catalog offerings,GET,/api/v1/catalog/programs/,57,818.359,429
catalog offerings,GET,/api/v1/catalog/programs/,58,942.205,429
catalog offerings,GET,/api/v1/catalog/programs/,59,739.567,429
catalog offerings,GET,/api/v1/catalog/programs/,60,543.42,429
catalog offerings,GET,/api/v1/catalog/programs/,61,589.213,429
catalog offerings,GET,/api/v1/catalog/programs/,62,579.257,429
catalog offerings,GET,/api/v1/catalog/programs/,63,614.717,429
catalog offerings,GET,/api/v1/catalog/programs/,64,614.024,429
catalog offerings,GET,/api/v1/catalog/programs/,65,614.554,429
catalog offerings,GET,/api/v1/catalog/programs/,66,701.407,429
catalog offerings,GET,/api/v1/catalog/programs/,67,712.181,429
catalog offerings,GET,/api/v1/catalog/programs/,68,824.568,429
catalog offerings,GET,/api/v1/catalog/programs/,69,1242.505,429
catalog offerings,GET,/api/v1/catalog/programs/,70,882.942,429
catalog offerings,GET,/api/v1/catalog/programs/,71,535.836,429
catalog offerings,GET,/api/v1/catalog/programs/,72,573.613,429
catalog offerings,GET,/api/v1/catalog/programs/,73,697.829,429
catalog offerings,GET,/api/v1/catalog/programs/,74,981.72,429
catalog offerings,GET,/api/v1/catalog/programs/,75,930.396,429
catalog offerings,GET,/api/v1/catalog/programs/,76,912.834,429
catalog offerings,GET,/api/v1/catalog/programs/,77,978.664,429
catalog offerings,GET,/api/v1/catalog/programs/,78,761.791,429
catalog offerings,GET,/api/v1/catalog/programs/,79,920.185,429
catalog offerings,GET,/api/v1/catalog/programs/,80,821.087,429
catalog offerings,GET,/api/v1/catalog/programs/,81,939.454,429
catalog offerings,GET,/api/v1/catalog/programs/,82,594.801,429
catalog offerings,GET,/api/v1/catalog/programs/,83,614.974,429
catalog offerings,GET,/api/v1/catalog/programs/,84,920.625,429
catalog offerings,GET,/api/v1/catalog/programs/,85,820.039,429
catalog offerings,GET,/api/v1/catalog/programs/,86,1047.762,429
catalog offerings,GET,/api/v1/catalog/programs/,87,795.421,429
catalog offerings,GET,/api/v1/catalog/programs/,88,786.197,429
catalog offerings,GET,/api/v1/catalog/programs/,89,543.629,429
catalog offerings,GET,/api/v1/catalog/programs/,90,819.671,429
catalog offerings,GET,/api/v1/catalog/programs/,91,921.781,429
catalog offerings,GET,/api/v1/catalog/programs/,92,819.203,429
catalog offerings,GET,/api/v1/catalog/programs/,93,974.011,429
catalog offerings,GET,/api/v1/catalog/programs/,94,869.574,429
catalog offerings,GET,/api/v1/catalog/programs/,95,921.628,429
catalog offerings,GET,/api/v1/catalog/programs/,96,818.536,429
catalog offerings,GET,/api/v1/catalog/programs/,97,623.497,429
catalog offerings,GET,/api/v1/catalog/programs/,98,810.354,429
catalog offerings,GET,/api/v1/catalog/programs/,99,921.44,429
draft save,PATCH,/api/v1/applications/{application_id}/,0,10000.0,0
draft save,PATCH,/api/v1/applications/{application_id}/,1,10000.0,0
draft save,PATCH,/api/v1/applications/{application_id}/,2,10000.0,0
draft save,PATCH,/api/v1/applications/{application_id}/,3,10000.0,0
draft save,PATCH,/api/v1/applications/{application_id}/,4,10000.0,0
draft save,PATCH,/api/v1/applications/{application_id}/,5,10000.0,0
draft save,PATCH,/api/v1/applications/{application_id}/,6,10000.0,0
draft save,PATCH,/api/v1/applications/{application_id}/,7,10000.0,0
draft save,PATCH,/api/v1/applications/{application_id}/,8,10000.0,0
draft save,PATCH,/api/v1/applications/{application_id}/,9,10000.0,0
draft save,PATCH,/api/v1/applications/{application_id}/,10,10000.0,0
draft save,PATCH,/api/v1/applications/{application_id}/,11,10000.0,0
draft save,PATCH,/api/v1/applications/{application_id}/,12,10000.0,0
draft save,PATCH,/api/v1/applications/{application_id}/,13,10000.0,0
draft save,PATCH,/api/v1/applications/{application_id}/,14,10000.0,0
draft save,PATCH,/api/v1/applications/{application_id}/,15,10000.0,0
draft save,PATCH,/api/v1/applications/{application_id}/,16,10000.0,0
draft save,PATCH,/api/v1/applications/{application_id}/,17,10000.0,0
draft save,PATCH,/api/v1/applications/{application_id}/,18,10000.0,0
draft save,PATCH,/api/v1/applications/{application_id}/,19,10000.0,0
draft save,PATCH,/api/v1/applications/{application_id}/,20,10000.0,0
draft save,PATCH,/api/v1/applications/{application_id}/,21,10000.0,0
draft save,PATCH,/api/v1/applications/{application_id}/,22,10000.0,0
draft save,PATCH,/api/v1/applications/{application_id}/,23,10000.0,0
draft save,PATCH,/api/v1/applications/{application_id}/,24,10000.0,0
draft save,PATCH,/api/v1/applications/{application_id}/,25,10000.0,0
draft save,PATCH,/api/v1/applications/{application_id}/,26,10000.0,0
draft save,PATCH,/api/v1/applications/{application_id}/,27,10000.0,0
draft save,PATCH,/api/v1/applications/{application_id}/,28,10000.0,0
draft save,PATCH,/api/v1/applications/{application_id}/,29,10000.0,0
draft save,PATCH,/api/v1/applications/{application_id}/,30,10000.0,0
draft save,PATCH,/api/v1/applications/{application_id}/,31,10000.0,0
draft save,PATCH,/api/v1/applications/{application_id}/,32,10000.0,0
draft save,PATCH,/api/v1/applications/{application_id}/,33,10000.0,0
draft save,PATCH,/api/v1/applications/{application_id}/,34,10000.0,0
draft save,PATCH,/api/v1/applications/{application_id}/,35,10000.0,0
draft save,PATCH,/api/v1/applications/{application_id}/,36,10000.0,0
draft save,PATCH,/api/v1/applications/{application_id}/,37,10000.0,0
draft save,PATCH,/api/v1/applications/{application_id}/,38,10000.0,0
draft save,PATCH,/api/v1/applications/{application_id}/,39,10000.0,0
draft save,PATCH,/api/v1/applications/{application_id}/,40,10000.0,0
draft save,PATCH,/api/v1/applications/{application_id}/,41,10000.0,0
draft save,PATCH,/api/v1/applications/{application_id}/,42,10000.0,0
draft save,PATCH,/api/v1/applications/{application_id}/,43,10000.0,0
draft save,PATCH,/api/v1/applications/{application_id}/,44,10000.0,0
draft save,PATCH,/api/v1/applications/{application_id}/,45,10000.0,0
draft save,PATCH,/api/v1/applications/{application_id}/,46,10000.0,0
draft save,PATCH,/api/v1/applications/{application_id}/,47,10000.0,0
draft save,PATCH,/api/v1/applications/{application_id}/,48,10000.0,0
draft save,PATCH,/api/v1/applications/{application_id}/,49,10000.0,0
draft save,PATCH,/api/v1/applications/{application_id}/,50,10000.0,0
draft save,PATCH,/api/v1/applications/{application_id}/,51,10000.0,0
draft save,PATCH,/api/v1/applications/{application_id}/,52,10000.0,0
draft save,PATCH,/api/v1/applications/{application_id}/,53,10000.0,0
draft save,PATCH,/api/v1/applications/{application_id}/,54,10000.0,0
draft save,PATCH,/api/v1/applications/{application_id}/,55,10000.0,0
draft save,PATCH,/api/v1/applications/{application_id}/,56,10000.0,0
draft save,PATCH,/api/v1/applications/{application_id}/,57,10000.0,0
draft save,PATCH,/api/v1/applications/{application_id}/,58,10000.0,0
draft save,PATCH,/api/v1/applications/{application_id}/,59,10000.0,0
draft save,PATCH,/api/v1/applications/{application_id}/,60,10000.0,0
draft save,PATCH,/api/v1/applications/{application_id}/,61,10000.0,0
draft save,PATCH,/api/v1/applications/{application_id}/,62,10000.0,0
draft save,PATCH,/api/v1/applications/{application_id}/,63,10000.0,0
draft save,PATCH,/api/v1/applications/{application_id}/,64,10000.0,0
draft save,PATCH,/api/v1/applications/{application_id}/,65,10000.0,0
draft save,PATCH,/api/v1/applications/{application_id}/,66,10000.0,0
draft save,PATCH,/api/v1/applications/{application_id}/,67,10000.0,0
draft save,PATCH,/api/v1/applications/{application_id}/,68,10000.0,0
draft save,PATCH,/api/v1/applications/{application_id}/,69,10000.0,0
draft save,PATCH,/api/v1/applications/{application_id}/,70,10000.0,0
draft save,PATCH,/api/v1/applications/{application_id}/,71,10000.0,0
draft save,PATCH,/api/v1/applications/{application_id}/,72,10000.0,0
draft save,PATCH,/api/v1/applications/{application_id}/,73,10000.0,0
draft save,PATCH,/api/v1/applications/{application_id}/,74,10000.0,0
draft save,PATCH,/api/v1/applications/{application_id}/,75,10000.0,0
draft save,PATCH,/api/v1/applications/{application_id}/,76,10000.0,0
draft save,PATCH,/api/v1/applications/{application_id}/,77,10000.0,0
draft save,PATCH,/api/v1/applications/{application_id}/,78,10000.0,0
draft save,PATCH,/api/v1/applications/{application_id}/,79,10000.0,0
draft save,PATCH,/api/v1/applications/{application_id}/,80,10000.0,0
draft save,PATCH,/api/v1/applications/{application_id}/,81,10000.0,0
draft save,PATCH,/api/v1/applications/{application_id}/,82,10000.0,0
draft save,PATCH,/api/v1/applications/{application_id}/,83,10000.0,0
draft save,PATCH,/api/v1/applications/{application_id}/,84,10000.0,0
draft save,PATCH,/api/v1/applications/{application_id}/,85,10000.0,0
draft save,PATCH,/api/v1/applications/{application_id}/,86,10000.0,0
draft save,PATCH,/api/v1/applications/{application_id}/,87,10000.0,0
draft save,PATCH,/api/v1/applications/{application_id}/,88,10000.0,0
draft save,PATCH,/api/v1/applications/{application_id}/,89,10000.0,0
draft save,PATCH,/api/v1/applications/{application_id}/,90,10000.0,0
draft save,PATCH,/api/v1/applications/{application_id}/,91,10000.0,0
draft save,PATCH,/api/v1/applications/{application_id}/,92,10000.0,0
draft save,PATCH,/api/v1/applications/{application_id}/,93,10000.0,0
draft save,PATCH,/api/v1/applications/{application_id}/,94,10000.0,0
draft save,PATCH,/api/v1/applications/{application_id}/,95,10000.0,0
draft save,PATCH,/api/v1/applications/{application_id}/,96,10000.0,0
draft save,PATCH,/api/v1/applications/{application_id}/,97,10000.0,0
draft save,PATCH,/api/v1/applications/{application_id}/,98,10000.0,0
draft save,PATCH,/api/v1/applications/{application_id}/,99,10000.0,0
application submit,POST,/api/v1/applications/{application_id}/submit/,0,10000.0,0
application submit,POST,/api/v1/applications/{application_id}/submit/,1,10000.0,0
application submit,POST,/api/v1/applications/{application_id}/submit/,2,10000.0,0
application submit,POST,/api/v1/applications/{application_id}/submit/,3,10000.0,0
application submit,POST,/api/v1/applications/{application_id}/submit/,4,10000.0,0
application submit,POST,/api/v1/applications/{application_id}/submit/,5,10000.0,0
application submit,POST,/api/v1/applications/{application_id}/submit/,6,10000.0,0
application submit,POST,/api/v1/applications/{application_id}/submit/,7,10000.0,0
application submit,POST,/api/v1/applications/{application_id}/submit/,8,10000.0,0
application submit,POST,/api/v1/applications/{application_id}/submit/,9,10000.0,0
application submit,POST,/api/v1/applications/{application_id}/submit/,10,10000.0,0
application submit,POST,/api/v1/applications/{application_id}/submit/,11,10000.0,0
application submit,POST,/api/v1/applications/{application_id}/submit/,12,10000.0,0
application submit,POST,/api/v1/applications/{application_id}/submit/,13,10000.0,0
application submit,POST,/api/v1/applications/{application_id}/submit/,14,10000.0,0
application submit,POST,/api/v1/applications/{application_id}/submit/,15,10000.0,0
application submit,POST,/api/v1/applications/{application_id}/submit/,16,10000.0,0
application submit,POST,/api/v1/applications/{application_id}/submit/,17,10000.0,0
application submit,POST,/api/v1/applications/{application_id}/submit/,18,10000.0,0
application submit,POST,/api/v1/applications/{application_id}/submit/,19,10000.0,0
application submit,POST,/api/v1/applications/{application_id}/submit/,20,10000.0,0
application submit,POST,/api/v1/applications/{application_id}/submit/,21,10000.0,0
application submit,POST,/api/v1/applications/{application_id}/submit/,22,10000.0,0
application submit,POST,/api/v1/applications/{application_id}/submit/,23,10000.0,0
application submit,POST,/api/v1/applications/{application_id}/submit/,24,10000.0,0
application submit,POST,/api/v1/applications/{application_id}/submit/,25,10000.0,0
application submit,POST,/api/v1/applications/{application_id}/submit/,26,10000.0,0
application submit,POST,/api/v1/applications/{application_id}/submit/,27,10000.0,0
application submit,POST,/api/v1/applications/{application_id}/submit/,28,10000.0,0
application submit,POST,/api/v1/applications/{application_id}/submit/,29,10000.0,0
application submit,POST,/api/v1/applications/{application_id}/submit/,30,10000.0,0
application submit,POST,/api/v1/applications/{application_id}/submit/,31,10000.0,0
application submit,POST,/api/v1/applications/{application_id}/submit/,32,10000.0,0
application submit,POST,/api/v1/applications/{application_id}/submit/,33,10000.0,0
application submit,POST,/api/v1/applications/{application_id}/submit/,34,10000.0,0
application submit,POST,/api/v1/applications/{application_id}/submit/,35,10000.0,0
application submit,POST,/api/v1/applications/{application_id}/submit/,36,10000.0,0
application submit,POST,/api/v1/applications/{application_id}/submit/,37,10000.0,0
application submit,POST,/api/v1/applications/{application_id}/submit/,38,10000.0,0
application submit,POST,/api/v1/applications/{application_id}/submit/,39,10000.0,0
application submit,POST,/api/v1/applications/{application_id}/submit/,40,10000.0,0
application submit,POST,/api/v1/applications/{application_id}/submit/,41,10000.0,0
application submit,POST,/api/v1/applications/{application_id}/submit/,42,10000.0,0
application submit,POST,/api/v1/applications/{application_id}/submit/,43,10000.0,0
application submit,POST,/api/v1/applications/{application_id}/submit/,44,10000.0,0
application submit,POST,/api/v1/applications/{application_id}/submit/,45,10000.0,0
application submit,POST,/api/v1/applications/{application_id}/submit/,46,10000.0,0
application submit,POST,/api/v1/applications/{application_id}/submit/,47,10000.0,0
application submit,POST,/api/v1/applications/{application_id}/submit/,48,10000.0,0
application submit,POST,/api/v1/applications/{application_id}/submit/,49,10000.0,0
application submit,POST,/api/v1/applications/{application_id}/submit/,50,10000.0,0
application submit,POST,/api/v1/applications/{application_id}/submit/,51,10000.0,0
application submit,POST,/api/v1/applications/{application_id}/submit/,52,10000.0,0
application submit,POST,/api/v1/applications/{application_id}/submit/,53,10000.0,0
application submit,POST,/api/v1/applications/{application_id}/submit/,54,10000.0,0
application submit,POST,/api/v1/applications/{application_id}/submit/,55,10000.0,0
application submit,POST,/api/v1/applications/{application_id}/submit/,56,10000.0,0
application submit,POST,/api/v1/applications/{application_id}/submit/,57,10000.0,0
application submit,POST,/api/v1/applications/{application_id}/submit/,58,10000.0,0
application submit,POST,/api/v1/applications/{application_id}/submit/,59,10000.0,0
application submit,POST,/api/v1/applications/{application_id}/submit/,60,10000.0,0
application submit,POST,/api/v1/applications/{application_id}/submit/,61,10000.0,0
application submit,POST,/api/v1/applications/{application_id}/submit/,62,10000.0,0
application submit,POST,/api/v1/applications/{application_id}/submit/,63,10000.0,0
application submit,POST,/api/v1/applications/{application_id}/submit/,64,10000.0,0
application submit,POST,/api/v1/applications/{application_id}/submit/,65,10000.0,0
application submit,POST,/api/v1/applications/{application_id}/submit/,66,10000.0,0
application submit,POST,/api/v1/applications/{application_id}/submit/,67,10000.0,0
application submit,POST,/api/v1/applications/{application_id}/submit/,68,10000.0,0
application submit,POST,/api/v1/applications/{application_id}/submit/,69,10000.0,0
application submit,POST,/api/v1/applications/{application_id}/submit/,70,10000.0,0
application submit,POST,/api/v1/applications/{application_id}/submit/,71,10000.0,0
application submit,POST,/api/v1/applications/{application_id}/submit/,72,10000.0,0
application submit,POST,/api/v1/applications/{application_id}/submit/,73,10000.0,0
application submit,POST,/api/v1/applications/{application_id}/submit/,74,10000.0,0
application submit,POST,/api/v1/applications/{application_id}/submit/,75,10000.0,0
application submit,POST,/api/v1/applications/{application_id}/submit/,76,10000.0,0
application submit,POST,/api/v1/applications/{application_id}/submit/,77,10000.0,0
application submit,POST,/api/v1/applications/{application_id}/submit/,78,10000.0,0
application submit,POST,/api/v1/applications/{application_id}/submit/,79,10000.0,0
application submit,POST,/api/v1/applications/{application_id}/submit/,80,10000.0,0
application submit,POST,/api/v1/applications/{application_id}/submit/,81,10000.0,0
application submit,POST,/api/v1/applications/{application_id}/submit/,82,10000.0,0
application submit,POST,/api/v1/applications/{application_id}/submit/,83,10000.0,0
application submit,POST,/api/v1/applications/{application_id}/submit/,84,10000.0,0
application submit,POST,/api/v1/applications/{application_id}/submit/,85,10000.0,0
application submit,POST,/api/v1/applications/{application_id}/submit/,86,10000.0,0
application submit,POST,/api/v1/applications/{application_id}/submit/,87,10000.0,0
application submit,POST,/api/v1/applications/{application_id}/submit/,88,10000.0,0
application submit,POST,/api/v1/applications/{application_id}/submit/,89,10000.0,0
application submit,POST,/api/v1/applications/{application_id}/submit/,90,10000.0,0
application submit,POST,/api/v1/applications/{application_id}/submit/,91,10000.0,0
application submit,POST,/api/v1/applications/{application_id}/submit/,92,10000.0,0
application submit,POST,/api/v1/applications/{application_id}/submit/,93,10000.0,0
application submit,POST,/api/v1/applications/{application_id}/submit/,94,10000.0,0
application submit,POST,/api/v1/applications/{application_id}/submit/,95,10000.0,0
application submit,POST,/api/v1/applications/{application_id}/submit/,96,10000.0,0
application submit,POST,/api/v1/applications/{application_id}/submit/,97,10000.0,0
application submit,POST,/api/v1/applications/{application_id}/submit/,98,10000.0,0
application submit,POST,/api/v1/applications/{application_id}/submit/,99,10000.0,0
payment init,POST,/api/v1/payments/initiate/,0,612.683,401
payment init,POST,/api/v1/payments/initiate/,1,717.418,401
payment init,POST,/api/v1/payments/initiate/,2,921.772,401
payment init,POST,/api/v1/payments/initiate/,3,921.79,401
payment init,POST,/api/v1/payments/initiate/,4,818.955,401
payment init,POST,/api/v1/payments/initiate/,5,613.876,401
payment init,POST,/api/v1/payments/initiate/,6,716.124,401
payment init,POST,/api/v1/payments/initiate/,7,818.371,401
payment init,POST,/api/v1/payments/initiate/,8,922.799,401
payment init,POST,/api/v1/payments/initiate/,9,819.376,401
payment init,POST,/api/v1/payments/initiate/,10,714.73,401
payment init,POST,/api/v1/payments/initiate/,11,776.952,401
payment init,POST,/api/v1/payments/initiate/,12,862.83,401
payment init,POST,/api/v1/payments/initiate/,13,921.513,401
payment init,POST,/api/v1/payments/initiate/,14,716.043,401
payment init,POST,/api/v1/payments/initiate/,15,521.079,401
payment init,POST,/api/v1/payments/initiate/,16,604.605,401
payment init,POST,/api/v1/payments/initiate/,17,512.019,401
payment init,POST,/api/v1/payments/initiate/,18,409.93,401
payment init,POST,/api/v1/payments/initiate/,19,506.481,401
payment init,POST,/api/v1/payments/initiate/,20,571.782,401
payment init,POST,/api/v1/payments/initiate/,21,663.044,401
payment init,POST,/api/v1/payments/initiate/,22,817.937,401
payment init,POST,/api/v1/payments/initiate/,23,614.082,401
payment init,POST,/api/v1/payments/initiate/,24,615.9,401
payment init,POST,/api/v1/payments/initiate/,25,921.203,401
payment init,POST,/api/v1/payments/initiate/,26,715.465,401
payment init,POST,/api/v1/payments/initiate/,27,563.136,401
payment init,POST,/api/v1/payments/initiate/,28,563.507,401
payment init,POST,/api/v1/payments/initiate/,29,820.035,401
payment init,POST,/api/v1/payments/initiate/,30,921.021,401
payment init,POST,/api/v1/payments/initiate/,31,980.65,401
payment init,POST,/api/v1/payments/initiate/,32,760.683,401
payment init,POST,/api/v1/payments/initiate/,33,757.246,401
payment init,POST,/api/v1/payments/initiate/,34,396.915,401
payment init,POST,/api/v1/payments/initiate/,35,355.621,401
payment init,POST,/api/v1/payments/initiate/,36,536.232,401
payment init,POST,/api/v1/payments/initiate/,37,511.812,401
payment init,POST,/api/v1/payments/initiate/,38,671.218,401
payment init,POST,/api/v1/payments/initiate/,39,768.478,401
payment init,POST,/api/v1/payments/initiate/,40,972.151,401
payment init,POST,/api/v1/payments/initiate/,41,763.638,401
payment init,POST,/api/v1/payments/initiate/,42,818.797,401
payment init,POST,/api/v1/payments/initiate/,43,613.106,401
payment init,POST,/api/v1/payments/initiate/,44,511.924,401
payment init,POST,/api/v1/payments/initiate/,45,474.987,401
payment init,POST,/api/v1/payments/initiate/,46,857.647,401
payment init,POST,/api/v1/payments/initiate/,47,714.655,401
payment init,POST,/api/v1/payments/initiate/,48,718.552,401
payment init,POST,/api/v1/payments/initiate/,49,921.549,401
payment init,POST,/api/v1/payments/initiate/,50,921.36,401
payment init,POST,/api/v1/payments/initiate/,51,817.738,401
payment init,POST,/api/v1/payments/initiate/,52,923.284,401
payment init,POST,/api/v1/payments/initiate/,53,818.787,401
payment init,POST,/api/v1/payments/initiate/,54,628.53,401
payment init,POST,/api/v1/payments/initiate/,55,496.997,401
payment init,POST,/api/v1/payments/initiate/,56,514.69,401
payment init,POST,/api/v1/payments/initiate/,57,406.633,401
payment init,POST,/api/v1/payments/initiate/,58,406.852,401
payment init,POST,/api/v1/payments/initiate/,59,407.425,401
payment init,POST,/api/v1/payments/initiate/,60,414.787,401
payment init,POST,/api/v1/payments/initiate/,61,510.834,401
payment init,POST,/api/v1/payments/initiate/,62,614.335,401
payment init,POST,/api/v1/payments/initiate/,63,537.733,401
payment init,POST,/api/v1/payments/initiate/,64,690.611,401
payment init,POST,/api/v1/payments/initiate/,65,615.961,401
payment init,POST,/api/v1/payments/initiate/,66,921.257,401
payment init,POST,/api/v1/payments/initiate/,67,511.738,401
payment init,POST,/api/v1/payments/initiate/,68,408.868,401
payment init,POST,/api/v1/payments/initiate/,69,819.323,401
payment init,POST,/api/v1/payments/initiate/,70,714.186,401
payment init,POST,/api/v1/payments/initiate/,71,719.631,401
payment init,POST,/api/v1/payments/initiate/,72,614.293,401
payment init,POST,/api/v1/payments/initiate/,73,817.694,401
payment init,POST,/api/v1/payments/initiate/,74,796.732,401
payment init,POST,/api/v1/payments/initiate/,75,842.202,401
payment init,POST,/api/v1/payments/initiate/,76,2683.916,401
payment init,POST,/api/v1/payments/initiate/,77,430.677,401
payment init,POST,/api/v1/payments/initiate/,78,412.45,401
payment init,POST,/api/v1/payments/initiate/,79,446.582,401
payment init,POST,/api/v1/payments/initiate/,80,461.38,401
payment init,POST,/api/v1/payments/initiate/,81,329.455,401
payment init,POST,/api/v1/payments/initiate/,82,344.529,401
payment init,POST,/api/v1/payments/initiate/,83,523.653,401
payment init,POST,/api/v1/payments/initiate/,84,875.014,401
payment init,POST,/api/v1/payments/initiate/,85,864.719,401
payment init,POST,/api/v1/payments/initiate/,86,715.124,401
payment init,POST,/api/v1/payments/initiate/,87,615.082,401
payment init,POST,/api/v1/payments/initiate/,88,471.193,401
payment init,POST,/api/v1/payments/initiate/,89,654.867,401
payment init,POST,/api/v1/payments/initiate/,90,717.698,401
payment init,POST,/api/v1/payments/initiate/,91,609.994,401
payment init,POST,/api/v1/payments/initiate/,92,815.312,401
payment init,POST,/api/v1/payments/initiate/,93,518.624,401
payment init,POST,/api/v1/payments/initiate/,94,402.836,401
payment init,POST,/api/v1/payments/initiate/,95,518.574,401
payment init,POST,/api/v1/payments/initiate/,96,512.059,401
payment init,POST,/api/v1/payments/initiate/,97,476.238,401
payment init,POST,/api/v1/payments/initiate/,98,751.863,401
payment init,POST,/api/v1/payments/initiate/,99,430.881,401
payment status,GET,/api/v1/payments/{payment_id}/,0,10000.0,0
payment status,GET,/api/v1/payments/{payment_id}/,1,10000.0,0
payment status,GET,/api/v1/payments/{payment_id}/,2,10000.0,0
payment status,GET,/api/v1/payments/{payment_id}/,3,10000.0,0
payment status,GET,/api/v1/payments/{payment_id}/,4,10000.0,0
payment status,GET,/api/v1/payments/{payment_id}/,5,10000.0,0
payment status,GET,/api/v1/payments/{payment_id}/,6,10000.0,0
payment status,GET,/api/v1/payments/{payment_id}/,7,10000.0,0
payment status,GET,/api/v1/payments/{payment_id}/,8,10000.0,0
payment status,GET,/api/v1/payments/{payment_id}/,9,10000.0,0
payment status,GET,/api/v1/payments/{payment_id}/,10,10000.0,0
payment status,GET,/api/v1/payments/{payment_id}/,11,10000.0,0
payment status,GET,/api/v1/payments/{payment_id}/,12,10000.0,0
payment status,GET,/api/v1/payments/{payment_id}/,13,10000.0,0
payment status,GET,/api/v1/payments/{payment_id}/,14,10000.0,0
payment status,GET,/api/v1/payments/{payment_id}/,15,10000.0,0
payment status,GET,/api/v1/payments/{payment_id}/,16,10000.0,0
payment status,GET,/api/v1/payments/{payment_id}/,17,10000.0,0
payment status,GET,/api/v1/payments/{payment_id}/,18,10000.0,0
payment status,GET,/api/v1/payments/{payment_id}/,19,10000.0,0
payment status,GET,/api/v1/payments/{payment_id}/,20,10000.0,0
payment status,GET,/api/v1/payments/{payment_id}/,21,10000.0,0
payment status,GET,/api/v1/payments/{payment_id}/,22,10000.0,0
payment status,GET,/api/v1/payments/{payment_id}/,23,10000.0,0
payment status,GET,/api/v1/payments/{payment_id}/,24,10000.0,0
payment status,GET,/api/v1/payments/{payment_id}/,25,10000.0,0
payment status,GET,/api/v1/payments/{payment_id}/,26,10000.0,0
payment status,GET,/api/v1/payments/{payment_id}/,27,10000.0,0
payment status,GET,/api/v1/payments/{payment_id}/,28,10000.0,0
payment status,GET,/api/v1/payments/{payment_id}/,29,10000.0,0
payment status,GET,/api/v1/payments/{payment_id}/,30,10000.0,0
payment status,GET,/api/v1/payments/{payment_id}/,31,10000.0,0
payment status,GET,/api/v1/payments/{payment_id}/,32,10000.0,0
payment status,GET,/api/v1/payments/{payment_id}/,33,10000.0,0
payment status,GET,/api/v1/payments/{payment_id}/,34,10000.0,0
payment status,GET,/api/v1/payments/{payment_id}/,35,10000.0,0
payment status,GET,/api/v1/payments/{payment_id}/,36,10000.0,0
payment status,GET,/api/v1/payments/{payment_id}/,37,10000.0,0
payment status,GET,/api/v1/payments/{payment_id}/,38,10000.0,0
payment status,GET,/api/v1/payments/{payment_id}/,39,10000.0,0
payment status,GET,/api/v1/payments/{payment_id}/,40,10000.0,0
payment status,GET,/api/v1/payments/{payment_id}/,41,10000.0,0
payment status,GET,/api/v1/payments/{payment_id}/,42,10000.0,0
payment status,GET,/api/v1/payments/{payment_id}/,43,10000.0,0
payment status,GET,/api/v1/payments/{payment_id}/,44,10000.0,0
payment status,GET,/api/v1/payments/{payment_id}/,45,10000.0,0
payment status,GET,/api/v1/payments/{payment_id}/,46,10000.0,0
payment status,GET,/api/v1/payments/{payment_id}/,47,10000.0,0
payment status,GET,/api/v1/payments/{payment_id}/,48,10000.0,0
payment status,GET,/api/v1/payments/{payment_id}/,49,10000.0,0
payment status,GET,/api/v1/payments/{payment_id}/,50,10000.0,0
payment status,GET,/api/v1/payments/{payment_id}/,51,10000.0,0
payment status,GET,/api/v1/payments/{payment_id}/,52,10000.0,0
payment status,GET,/api/v1/payments/{payment_id}/,53,10000.0,0
payment status,GET,/api/v1/payments/{payment_id}/,54,10000.0,0
payment status,GET,/api/v1/payments/{payment_id}/,55,10000.0,0
payment status,GET,/api/v1/payments/{payment_id}/,56,10000.0,0
payment status,GET,/api/v1/payments/{payment_id}/,57,10000.0,0
payment status,GET,/api/v1/payments/{payment_id}/,58,10000.0,0
payment status,GET,/api/v1/payments/{payment_id}/,59,10000.0,0
payment status,GET,/api/v1/payments/{payment_id}/,60,10000.0,0
payment status,GET,/api/v1/payments/{payment_id}/,61,10000.0,0
payment status,GET,/api/v1/payments/{payment_id}/,62,10000.0,0
payment status,GET,/api/v1/payments/{payment_id}/,63,10000.0,0
payment status,GET,/api/v1/payments/{payment_id}/,64,10000.0,0
payment status,GET,/api/v1/payments/{payment_id}/,65,10000.0,0
payment status,GET,/api/v1/payments/{payment_id}/,66,10000.0,0
payment status,GET,/api/v1/payments/{payment_id}/,67,10000.0,0
payment status,GET,/api/v1/payments/{payment_id}/,68,10000.0,0
payment status,GET,/api/v1/payments/{payment_id}/,69,10000.0,0
payment status,GET,/api/v1/payments/{payment_id}/,70,10000.0,0
payment status,GET,/api/v1/payments/{payment_id}/,71,10000.0,0
payment status,GET,/api/v1/payments/{payment_id}/,72,10000.0,0
payment status,GET,/api/v1/payments/{payment_id}/,73,10000.0,0
payment status,GET,/api/v1/payments/{payment_id}/,74,10000.0,0
payment status,GET,/api/v1/payments/{payment_id}/,75,10000.0,0
payment status,GET,/api/v1/payments/{payment_id}/,76,10000.0,0
payment status,GET,/api/v1/payments/{payment_id}/,77,10000.0,0
payment status,GET,/api/v1/payments/{payment_id}/,78,10000.0,0
payment status,GET,/api/v1/payments/{payment_id}/,79,10000.0,0
payment status,GET,/api/v1/payments/{payment_id}/,80,10000.0,0
payment status,GET,/api/v1/payments/{payment_id}/,81,10000.0,0
payment status,GET,/api/v1/payments/{payment_id}/,82,10000.0,0
payment status,GET,/api/v1/payments/{payment_id}/,83,10000.0,0
payment status,GET,/api/v1/payments/{payment_id}/,84,10000.0,0
payment status,GET,/api/v1/payments/{payment_id}/,85,10000.0,0
payment status,GET,/api/v1/payments/{payment_id}/,86,10000.0,0
payment status,GET,/api/v1/payments/{payment_id}/,87,10000.0,0
payment status,GET,/api/v1/payments/{payment_id}/,88,10000.0,0
payment status,GET,/api/v1/payments/{payment_id}/,89,10000.0,0
payment status,GET,/api/v1/payments/{payment_id}/,90,10000.0,0
payment status,GET,/api/v1/payments/{payment_id}/,91,10000.0,0
payment status,GET,/api/v1/payments/{payment_id}/,92,10000.0,0
payment status,GET,/api/v1/payments/{payment_id}/,93,10000.0,0
payment status,GET,/api/v1/payments/{payment_id}/,94,10000.0,0
payment status,GET,/api/v1/payments/{payment_id}/,95,10000.0,0
payment status,GET,/api/v1/payments/{payment_id}/,96,10000.0,0
payment status,GET,/api/v1/payments/{payment_id}/,97,10000.0,0
payment status,GET,/api/v1/payments/{payment_id}/,98,10000.0,0
payment status,GET,/api/v1/payments/{payment_id}/,99,10000.0,0
tenant admin list,GET,/api/v1/applications/,0,509.791,401
tenant admin list,GET,/api/v1/applications/,1,445.972,401
tenant admin list,GET,/api/v1/applications/,2,426.261,401
tenant admin list,GET,/api/v1/applications/,3,602.667,401
tenant admin list,GET,/api/v1/applications/,4,641.377,401
tenant admin list,GET,/api/v1/applications/,5,641.888,401
tenant admin list,GET,/api/v1/applications/,6,394.312,401
tenant admin list,GET,/api/v1/applications/,7,543.603,401
tenant admin list,GET,/api/v1/applications/,8,688.255,401
tenant admin list,GET,/api/v1/applications/,9,921.543,401
tenant admin list,GET,/api/v1/applications/,10,818.547,401
tenant admin list,GET,/api/v1/applications/,11,613.591,401
tenant admin list,GET,/api/v1/applications/,12,616.236,401
tenant admin list,GET,/api/v1/applications/,13,818.11,401
tenant admin list,GET,/api/v1/applications/,14,818.802,401
tenant admin list,GET,/api/v1/applications/,15,921.853,401
tenant admin list,GET,/api/v1/applications/,16,613.175,401
tenant admin list,GET,/api/v1/applications/,17,718.256,401
tenant admin list,GET,/api/v1/applications/,18,574.627,401
tenant admin list,GET,/api/v1/applications/,19,551.506,401
tenant admin list,GET,/api/v1/applications/,20,495.123,401
tenant admin list,GET,/api/v1/applications/,21,486.582,401
tenant admin list,GET,/api/v1/applications/,22,449.948,401
tenant admin list,GET,/api/v1/applications/,23,716.858,401
tenant admin list,GET,/api/v1/applications/,24,716.749,401
tenant admin list,GET,/api/v1/applications/,25,563.415,401
tenant admin list,GET,/api/v1/applications/,26,871.711,401
tenant admin list,GET,/api/v1/applications/,27,485.292,401
tenant admin list,GET,/api/v1/applications/,28,742.332,401
tenant admin list,GET,/api/v1/applications/,29,716.171,401
tenant admin list,GET,/api/v1/applications/,30,576.536,401
tenant admin list,GET,/api/v1/applications/,31,959.806,401
tenant admin list,GET,/api/v1/applications/,32,655.287,401
tenant admin list,GET,/api/v1/applications/,33,573.591,401
tenant admin list,GET,/api/v1/applications/,34,715.118,401
tenant admin list,GET,/api/v1/applications/,35,592.743,401
tenant admin list,GET,/api/v1/applications/,36,637.305,401
tenant admin list,GET,/api/v1/applications/,37,584.597,401
tenant admin list,GET,/api/v1/applications/,38,648.113,401
tenant admin list,GET,/api/v1/applications/,39,391.183,401
tenant admin list,GET,/api/v1/applications/,40,409.128,401
tenant admin list,GET,/api/v1/applications/,41,525.763,401
tenant admin list,GET,/api/v1/applications/,42,408.549,401
tenant admin list,GET,/api/v1/applications/,43,495.319,401
tenant admin list,GET,/api/v1/applications/,44,360.024,401
tenant admin list,GET,/api/v1/applications/,45,569.782,401
tenant admin list,GET,/api/v1/applications/,46,520.787,401
tenant admin list,GET,/api/v1/applications/,47,834.854,401
tenant admin list,GET,/api/v1/applications/,48,702.084,401
tenant admin list,GET,/api/v1/applications/,49,921.871,401
tenant admin list,GET,/api/v1/applications/,50,920.822,401
tenant admin list,GET,/api/v1/applications/,51,922.283,401
tenant admin list,GET,/api/v1/applications/,52,818.156,401
tenant admin list,GET,/api/v1/applications/,53,518.438,401
tenant admin list,GET,/api/v1/applications/,54,544.002,401
tenant admin list,GET,/api/v1/applications/,55,872.096,401
tenant admin list,GET,/api/v1/applications/,56,932.446,401
tenant admin list,GET,/api/v1/applications/,57,872.296,401
tenant admin list,GET,/api/v1/applications/,58,764.688,401
tenant admin list,GET,/api/v1/applications/,59,923.61,401
tenant admin list,GET,/api/v1/applications/,60,543.39,401
tenant admin list,GET,/api/v1/applications/,61,478.726,401
tenant admin list,GET,/api/v1/applications/,62,522.642,401
tenant admin list,GET,/api/v1/applications/,63,500.952,401
tenant admin list,GET,/api/v1/applications/,64,312.842,401
tenant admin list,GET,/api/v1/applications/,65,608.545,401
tenant admin list,GET,/api/v1/applications/,66,614.152,401
tenant admin list,GET,/api/v1/applications/,67,614.647,401
tenant admin list,GET,/api/v1/applications/,68,818.988,401
tenant admin list,GET,/api/v1/applications/,69,613.666,401
tenant admin list,GET,/api/v1/applications/,70,820.509,401
tenant admin list,GET,/api/v1/applications/,71,921.305,401
tenant admin list,GET,/api/v1/applications/,72,904.031,401
tenant admin list,GET,/api/v1/applications/,73,735.341,401
tenant admin list,GET,/api/v1/applications/,74,828.09,401
tenant admin list,GET,/api/v1/applications/,75,470.122,401
tenant admin list,GET,/api/v1/applications/,76,542.796,401
tenant admin list,GET,/api/v1/applications/,77,512.059,401
tenant admin list,GET,/api/v1/applications/,78,613.804,401
tenant admin list,GET,/api/v1/applications/,79,473.879,401
tenant admin list,GET,/api/v1/applications/,80,800.852,401
tenant admin list,GET,/api/v1/applications/,81,696.054,401
tenant admin list,GET,/api/v1/applications/,82,379.538,401
tenant admin list,GET,/api/v1/applications/,83,371.367,401
tenant admin list,GET,/api/v1/applications/,84,658.014,401
tenant admin list,GET,/api/v1/applications/,85,915.121,401
tenant admin list,GET,/api/v1/applications/,86,813.314,401
tenant admin list,GET,/api/v1/applications/,87,934.155,401
tenant admin list,GET,/api/v1/applications/,88,760.25,401
tenant admin list,GET,/api/v1/applications/,89,1083.262,401
tenant admin list,GET,/api/v1/applications/,90,612.335,401
tenant admin list,GET,/api/v1/applications/,91,922.245,401
tenant admin list,GET,/api/v1/applications/,92,877.31,401
tenant admin list,GET,/api/v1/applications/,93,863.971,401
tenant admin list,GET,/api/v1/applications/,94,715.272,401
tenant admin list,GET,/api/v1/applications/,95,614.126,401
tenant admin list,GET,/api/v1/applications/,96,614.198,401
tenant admin list,GET,/api/v1/applications/,97,820.843,401
tenant admin list,GET,/api/v1/applications/,98,817.677,401
tenant admin list,GET,/api/v1/applications/,99,717.567,401
tenant admin detail,GET,/api/v1/applications/{application_id}/,0,10000.0,0
tenant admin detail,GET,/api/v1/applications/{application_id}/,1,10000.0,0
tenant admin detail,GET,/api/v1/applications/{application_id}/,2,10000.0,0
tenant admin detail,GET,/api/v1/applications/{application_id}/,3,10000.0,0
tenant admin detail,GET,/api/v1/applications/{application_id}/,4,10000.0,0
tenant admin detail,GET,/api/v1/applications/{application_id}/,5,10000.0,0
tenant admin detail,GET,/api/v1/applications/{application_id}/,6,10000.0,0
tenant admin detail,GET,/api/v1/applications/{application_id}/,7,10000.0,0
tenant admin detail,GET,/api/v1/applications/{application_id}/,8,10000.0,0
tenant admin detail,GET,/api/v1/applications/{application_id}/,9,10000.0,0
tenant admin detail,GET,/api/v1/applications/{application_id}/,10,10000.0,0
tenant admin detail,GET,/api/v1/applications/{application_id}/,11,10000.0,0
tenant admin detail,GET,/api/v1/applications/{application_id}/,12,10000.0,0
tenant admin detail,GET,/api/v1/applications/{application_id}/,13,10000.0,0
tenant admin detail,GET,/api/v1/applications/{application_id}/,14,10000.0,0
tenant admin detail,GET,/api/v1/applications/{application_id}/,15,10000.0,0
tenant admin detail,GET,/api/v1/applications/{application_id}/,16,10000.0,0
tenant admin detail,GET,/api/v1/applications/{application_id}/,17,10000.0,0
tenant admin detail,GET,/api/v1/applications/{application_id}/,18,10000.0,0
tenant admin detail,GET,/api/v1/applications/{application_id}/,19,10000.0,0
tenant admin detail,GET,/api/v1/applications/{application_id}/,20,10000.0,0
tenant admin detail,GET,/api/v1/applications/{application_id}/,21,10000.0,0
tenant admin detail,GET,/api/v1/applications/{application_id}/,22,10000.0,0
tenant admin detail,GET,/api/v1/applications/{application_id}/,23,10000.0,0
tenant admin detail,GET,/api/v1/applications/{application_id}/,24,10000.0,0
tenant admin detail,GET,/api/v1/applications/{application_id}/,25,10000.0,0
tenant admin detail,GET,/api/v1/applications/{application_id}/,26,10000.0,0
tenant admin detail,GET,/api/v1/applications/{application_id}/,27,10000.0,0
tenant admin detail,GET,/api/v1/applications/{application_id}/,28,10000.0,0
tenant admin detail,GET,/api/v1/applications/{application_id}/,29,10000.0,0
tenant admin detail,GET,/api/v1/applications/{application_id}/,30,10000.0,0
tenant admin detail,GET,/api/v1/applications/{application_id}/,31,10000.0,0
tenant admin detail,GET,/api/v1/applications/{application_id}/,32,10000.0,0
tenant admin detail,GET,/api/v1/applications/{application_id}/,33,10000.0,0
tenant admin detail,GET,/api/v1/applications/{application_id}/,34,10000.0,0
tenant admin detail,GET,/api/v1/applications/{application_id}/,35,10000.0,0
tenant admin detail,GET,/api/v1/applications/{application_id}/,36,10000.0,0
tenant admin detail,GET,/api/v1/applications/{application_id}/,37,10000.0,0
tenant admin detail,GET,/api/v1/applications/{application_id}/,38,10000.0,0
tenant admin detail,GET,/api/v1/applications/{application_id}/,39,10000.0,0
tenant admin detail,GET,/api/v1/applications/{application_id}/,40,10000.0,0
tenant admin detail,GET,/api/v1/applications/{application_id}/,41,10000.0,0
tenant admin detail,GET,/api/v1/applications/{application_id}/,42,10000.0,0
tenant admin detail,GET,/api/v1/applications/{application_id}/,43,10000.0,0
tenant admin detail,GET,/api/v1/applications/{application_id}/,44,10000.0,0
tenant admin detail,GET,/api/v1/applications/{application_id}/,45,10000.0,0
tenant admin detail,GET,/api/v1/applications/{application_id}/,46,10000.0,0
tenant admin detail,GET,/api/v1/applications/{application_id}/,47,10000.0,0
tenant admin detail,GET,/api/v1/applications/{application_id}/,48,10000.0,0
tenant admin detail,GET,/api/v1/applications/{application_id}/,49,10000.0,0
tenant admin detail,GET,/api/v1/applications/{application_id}/,50,10000.0,0
tenant admin detail,GET,/api/v1/applications/{application_id}/,51,10000.0,0
tenant admin detail,GET,/api/v1/applications/{application_id}/,52,10000.0,0
tenant admin detail,GET,/api/v1/applications/{application_id}/,53,10000.0,0
tenant admin detail,GET,/api/v1/applications/{application_id}/,54,10000.0,0
tenant admin detail,GET,/api/v1/applications/{application_id}/,55,10000.0,0
tenant admin detail,GET,/api/v1/applications/{application_id}/,56,10000.0,0
tenant admin detail,GET,/api/v1/applications/{application_id}/,57,10000.0,0
tenant admin detail,GET,/api/v1/applications/{application_id}/,58,10000.0,0
tenant admin detail,GET,/api/v1/applications/{application_id}/,59,10000.0,0
tenant admin detail,GET,/api/v1/applications/{application_id}/,60,10000.0,0
tenant admin detail,GET,/api/v1/applications/{application_id}/,61,10000.0,0
tenant admin detail,GET,/api/v1/applications/{application_id}/,62,10000.0,0
tenant admin detail,GET,/api/v1/applications/{application_id}/,63,10000.0,0
tenant admin detail,GET,/api/v1/applications/{application_id}/,64,10000.0,0
tenant admin detail,GET,/api/v1/applications/{application_id}/,65,10000.0,0
tenant admin detail,GET,/api/v1/applications/{application_id}/,66,10000.0,0
tenant admin detail,GET,/api/v1/applications/{application_id}/,67,10000.0,0
tenant admin detail,GET,/api/v1/applications/{application_id}/,68,10000.0,0
tenant admin detail,GET,/api/v1/applications/{application_id}/,69,10000.0,0
tenant admin detail,GET,/api/v1/applications/{application_id}/,70,10000.0,0
tenant admin detail,GET,/api/v1/applications/{application_id}/,71,10000.0,0
tenant admin detail,GET,/api/v1/applications/{application_id}/,72,10000.0,0
tenant admin detail,GET,/api/v1/applications/{application_id}/,73,10000.0,0
tenant admin detail,GET,/api/v1/applications/{application_id}/,74,10000.0,0
tenant admin detail,GET,/api/v1/applications/{application_id}/,75,10000.0,0
tenant admin detail,GET,/api/v1/applications/{application_id}/,76,10000.0,0
tenant admin detail,GET,/api/v1/applications/{application_id}/,77,10000.0,0
tenant admin detail,GET,/api/v1/applications/{application_id}/,78,10000.0,0
tenant admin detail,GET,/api/v1/applications/{application_id}/,79,10000.0,0
tenant admin detail,GET,/api/v1/applications/{application_id}/,80,10000.0,0
tenant admin detail,GET,/api/v1/applications/{application_id}/,81,10000.0,0
tenant admin detail,GET,/api/v1/applications/{application_id}/,82,10000.0,0
tenant admin detail,GET,/api/v1/applications/{application_id}/,83,10000.0,0
tenant admin detail,GET,/api/v1/applications/{application_id}/,84,10000.0,0
tenant admin detail,GET,/api/v1/applications/{application_id}/,85,10000.0,0
tenant admin detail,GET,/api/v1/applications/{application_id}/,86,10000.0,0
tenant admin detail,GET,/api/v1/applications/{application_id}/,87,10000.0,0
tenant admin detail,GET,/api/v1/applications/{application_id}/,88,10000.0,0
tenant admin detail,GET,/api/v1/applications/{application_id}/,89,10000.0,0
tenant admin detail,GET,/api/v1/applications/{application_id}/,90,10000.0,0
tenant admin detail,GET,/api/v1/applications/{application_id}/,91,10000.0,0
tenant admin detail,GET,/api/v1/applications/{application_id}/,92,10000.0,0
tenant admin detail,GET,/api/v1/applications/{application_id}/,93,10000.0,0
tenant admin detail,GET,/api/v1/applications/{application_id}/,94,10000.0,0
tenant admin detail,GET,/api/v1/applications/{application_id}/,95,10000.0,0
tenant admin detail,GET,/api/v1/applications/{application_id}/,96,10000.0,0
tenant admin detail,GET,/api/v1/applications/{application_id}/,97,10000.0,0
tenant admin detail,GET,/api/v1/applications/{application_id}/,98,10000.0,0
tenant admin detail,GET,/api/v1/applications/{application_id}/,99,10000.0,0
official document queue,GET,/api/v1/applications/{application_id}/documents/,0,10000.0,0
official document queue,GET,/api/v1/applications/{application_id}/documents/,1,10000.0,0
official document queue,GET,/api/v1/applications/{application_id}/documents/,2,10000.0,0
official document queue,GET,/api/v1/applications/{application_id}/documents/,3,10000.0,0
official document queue,GET,/api/v1/applications/{application_id}/documents/,4,10000.0,0
official document queue,GET,/api/v1/applications/{application_id}/documents/,5,10000.0,0
official document queue,GET,/api/v1/applications/{application_id}/documents/,6,10000.0,0
official document queue,GET,/api/v1/applications/{application_id}/documents/,7,10000.0,0
official document queue,GET,/api/v1/applications/{application_id}/documents/,8,10000.0,0
official document queue,GET,/api/v1/applications/{application_id}/documents/,9,10000.0,0
official document queue,GET,/api/v1/applications/{application_id}/documents/,10,10000.0,0
official document queue,GET,/api/v1/applications/{application_id}/documents/,11,10000.0,0
official document queue,GET,/api/v1/applications/{application_id}/documents/,12,10000.0,0
official document queue,GET,/api/v1/applications/{application_id}/documents/,13,10000.0,0
official document queue,GET,/api/v1/applications/{application_id}/documents/,14,10000.0,0
official document queue,GET,/api/v1/applications/{application_id}/documents/,15,10000.0,0
official document queue,GET,/api/v1/applications/{application_id}/documents/,16,10000.0,0
official document queue,GET,/api/v1/applications/{application_id}/documents/,17,10000.0,0
official document queue,GET,/api/v1/applications/{application_id}/documents/,18,10000.0,0
official document queue,GET,/api/v1/applications/{application_id}/documents/,19,10000.0,0
official document queue,GET,/api/v1/applications/{application_id}/documents/,20,10000.0,0
official document queue,GET,/api/v1/applications/{application_id}/documents/,21,10000.0,0
official document queue,GET,/api/v1/applications/{application_id}/documents/,22,10000.0,0
official document queue,GET,/api/v1/applications/{application_id}/documents/,23,10000.0,0
official document queue,GET,/api/v1/applications/{application_id}/documents/,24,10000.0,0
official document queue,GET,/api/v1/applications/{application_id}/documents/,25,10000.0,0
official document queue,GET,/api/v1/applications/{application_id}/documents/,26,10000.0,0
official document queue,GET,/api/v1/applications/{application_id}/documents/,27,10000.0,0
official document queue,GET,/api/v1/applications/{application_id}/documents/,28,10000.0,0
official document queue,GET,/api/v1/applications/{application_id}/documents/,29,10000.0,0
official document queue,GET,/api/v1/applications/{application_id}/documents/,30,10000.0,0
official document queue,GET,/api/v1/applications/{application_id}/documents/,31,10000.0,0
official document queue,GET,/api/v1/applications/{application_id}/documents/,32,10000.0,0
official document queue,GET,/api/v1/applications/{application_id}/documents/,33,10000.0,0
official document queue,GET,/api/v1/applications/{application_id}/documents/,34,10000.0,0
official document queue,GET,/api/v1/applications/{application_id}/documents/,35,10000.0,0
official document queue,GET,/api/v1/applications/{application_id}/documents/,36,10000.0,0
official document queue,GET,/api/v1/applications/{application_id}/documents/,37,10000.0,0
official document queue,GET,/api/v1/applications/{application_id}/documents/,38,10000.0,0
official document queue,GET,/api/v1/applications/{application_id}/documents/,39,10000.0,0
official document queue,GET,/api/v1/applications/{application_id}/documents/,40,10000.0,0
official document queue,GET,/api/v1/applications/{application_id}/documents/,41,10000.0,0
official document queue,GET,/api/v1/applications/{application_id}/documents/,42,10000.0,0
official document queue,GET,/api/v1/applications/{application_id}/documents/,43,10000.0,0
official document queue,GET,/api/v1/applications/{application_id}/documents/,44,10000.0,0
official document queue,GET,/api/v1/applications/{application_id}/documents/,45,10000.0,0
official document queue,GET,/api/v1/applications/{application_id}/documents/,46,10000.0,0
official document queue,GET,/api/v1/applications/{application_id}/documents/,47,10000.0,0
official document queue,GET,/api/v1/applications/{application_id}/documents/,48,10000.0,0
official document queue,GET,/api/v1/applications/{application_id}/documents/,49,10000.0,0
official document queue,GET,/api/v1/applications/{application_id}/documents/,50,10000.0,0
official document queue,GET,/api/v1/applications/{application_id}/documents/,51,10000.0,0
official document queue,GET,/api/v1/applications/{application_id}/documents/,52,10000.0,0
official document queue,GET,/api/v1/applications/{application_id}/documents/,53,10000.0,0
official document queue,GET,/api/v1/applications/{application_id}/documents/,54,10000.0,0
official document queue,GET,/api/v1/applications/{application_id}/documents/,55,10000.0,0
official document queue,GET,/api/v1/applications/{application_id}/documents/,56,10000.0,0
official document queue,GET,/api/v1/applications/{application_id}/documents/,57,10000.0,0
official document queue,GET,/api/v1/applications/{application_id}/documents/,58,10000.0,0
official document queue,GET,/api/v1/applications/{application_id}/documents/,59,10000.0,0
official document queue,GET,/api/v1/applications/{application_id}/documents/,60,10000.0,0
official document queue,GET,/api/v1/applications/{application_id}/documents/,61,10000.0,0
official document queue,GET,/api/v1/applications/{application_id}/documents/,62,10000.0,0
official document queue,GET,/api/v1/applications/{application_id}/documents/,63,10000.0,0
official document queue,GET,/api/v1/applications/{application_id}/documents/,64,10000.0,0
official document queue,GET,/api/v1/applications/{application_id}/documents/,65,10000.0,0
official document queue,GET,/api/v1/applications/{application_id}/documents/,66,10000.0,0
official document queue,GET,/api/v1/applications/{application_id}/documents/,67,10000.0,0
official document queue,GET,/api/v1/applications/{application_id}/documents/,68,10000.0,0
official document queue,GET,/api/v1/applications/{application_id}/documents/,69,10000.0,0
official document queue,GET,/api/v1/applications/{application_id}/documents/,70,10000.0,0
official document queue,GET,/api/v1/applications/{application_id}/documents/,71,10000.0,0
official document queue,GET,/api/v1/applications/{application_id}/documents/,72,10000.0,0
official document queue,GET,/api/v1/applications/{application_id}/documents/,73,10000.0,0
official document queue,GET,/api/v1/applications/{application_id}/documents/,74,10000.0,0
official document queue,GET,/api/v1/applications/{application_id}/documents/,75,10000.0,0
official document queue,GET,/api/v1/applications/{application_id}/documents/,76,10000.0,0
official document queue,GET,/api/v1/applications/{application_id}/documents/,77,10000.0,0
official document queue,GET,/api/v1/applications/{application_id}/documents/,78,10000.0,0
official document queue,GET,/api/v1/applications/{application_id}/documents/,79,10000.0,0
official document queue,GET,/api/v1/applications/{application_id}/documents/,80,10000.0,0
official document queue,GET,/api/v1/applications/{application_id}/documents/,81,10000.0,0
official document queue,GET,/api/v1/applications/{application_id}/documents/,82,10000.0,0
official document queue,GET,/api/v1/applications/{application_id}/documents/,83,10000.0,0
official document queue,GET,/api/v1/applications/{application_id}/documents/,84,10000.0,0
official document queue,GET,/api/v1/applications/{application_id}/documents/,85,10000.0,0
official document queue,GET,/api/v1/applications/{application_id}/documents/,86,10000.0,0
official document queue,GET,/api/v1/applications/{application_id}/documents/,87,10000.0,0
official document queue,GET,/api/v1/applications/{application_id}/documents/,88,10000.0,0
official document queue,GET,/api/v1/applications/{application_id}/documents/,89,10000.0,0
official document queue,GET,/api/v1/applications/{application_id}/documents/,90,10000.0,0
official document queue,GET,/api/v1/applications/{application_id}/documents/,91,10000.0,0
official document queue,GET,/api/v1/applications/{application_id}/documents/,92,10000.0,0
official document queue,GET,/api/v1/applications/{application_id}/documents/,93,10000.0,0
official document queue,GET,/api/v1/applications/{application_id}/documents/,94,10000.0,0
official document queue,GET,/api/v1/applications/{application_id}/documents/,95,10000.0,0
official document queue,GET,/api/v1/applications/{application_id}/documents/,96,10000.0,0
official document queue,GET,/api/v1/applications/{application_id}/documents/,97,10000.0,0
official document queue,GET,/api/v1/applications/{application_id}/documents/,98,10000.0,0
official document queue,GET,/api/v1/applications/{application_id}/documents/,99,10000.0,0
official document status,GET,/api/v1/documents/{document_id}/,0,10000.0,0
official document status,GET,/api/v1/documents/{document_id}/,1,10000.0,0
official document status,GET,/api/v1/documents/{document_id}/,2,10000.0,0
official document status,GET,/api/v1/documents/{document_id}/,3,10000.0,0
official document status,GET,/api/v1/documents/{document_id}/,4,10000.0,0
official document status,GET,/api/v1/documents/{document_id}/,5,10000.0,0
official document status,GET,/api/v1/documents/{document_id}/,6,10000.0,0
official document status,GET,/api/v1/documents/{document_id}/,7,10000.0,0
official document status,GET,/api/v1/documents/{document_id}/,8,10000.0,0
official document status,GET,/api/v1/documents/{document_id}/,9,10000.0,0
official document status,GET,/api/v1/documents/{document_id}/,10,10000.0,0
official document status,GET,/api/v1/documents/{document_id}/,11,10000.0,0
official document status,GET,/api/v1/documents/{document_id}/,12,10000.0,0
official document status,GET,/api/v1/documents/{document_id}/,13,10000.0,0
official document status,GET,/api/v1/documents/{document_id}/,14,10000.0,0
official document status,GET,/api/v1/documents/{document_id}/,15,10000.0,0
official document status,GET,/api/v1/documents/{document_id}/,16,10000.0,0
official document status,GET,/api/v1/documents/{document_id}/,17,10000.0,0
official document status,GET,/api/v1/documents/{document_id}/,18,10000.0,0
official document status,GET,/api/v1/documents/{document_id}/,19,10000.0,0
official document status,GET,/api/v1/documents/{document_id}/,20,10000.0,0
official document status,GET,/api/v1/documents/{document_id}/,21,10000.0,0
official document status,GET,/api/v1/documents/{document_id}/,22,10000.0,0
official document status,GET,/api/v1/documents/{document_id}/,23,10000.0,0
official document status,GET,/api/v1/documents/{document_id}/,24,10000.0,0
official document status,GET,/api/v1/documents/{document_id}/,25,10000.0,0
official document status,GET,/api/v1/documents/{document_id}/,26,10000.0,0
official document status,GET,/api/v1/documents/{document_id}/,27,10000.0,0
official document status,GET,/api/v1/documents/{document_id}/,28,10000.0,0
official document status,GET,/api/v1/documents/{document_id}/,29,10000.0,0
official document status,GET,/api/v1/documents/{document_id}/,30,10000.0,0
official document status,GET,/api/v1/documents/{document_id}/,31,10000.0,0
official document status,GET,/api/v1/documents/{document_id}/,32,10000.0,0
official document status,GET,/api/v1/documents/{document_id}/,33,10000.0,0
official document status,GET,/api/v1/documents/{document_id}/,34,10000.0,0
official document status,GET,/api/v1/documents/{document_id}/,35,10000.0,0
official document status,GET,/api/v1/documents/{document_id}/,36,10000.0,0
official document status,GET,/api/v1/documents/{document_id}/,37,10000.0,0
official document status,GET,/api/v1/documents/{document_id}/,38,10000.0,0
official document status,GET,/api/v1/documents/{document_id}/,39,10000.0,0
official document status,GET,/api/v1/documents/{document_id}/,40,10000.0,0
official document status,GET,/api/v1/documents/{document_id}/,41,10000.0,0
official document status,GET,/api/v1/documents/{document_id}/,42,10000.0,0
official document status,GET,/api/v1/documents/{document_id}/,43,10000.0,0
official document status,GET,/api/v1/documents/{document_id}/,44,10000.0,0
official document status,GET,/api/v1/documents/{document_id}/,45,10000.0,0
official document status,GET,/api/v1/documents/{document_id}/,46,10000.0,0
official document status,GET,/api/v1/documents/{document_id}/,47,10000.0,0
official document status,GET,/api/v1/documents/{document_id}/,48,10000.0,0
official document status,GET,/api/v1/documents/{document_id}/,49,10000.0,0
official document status,GET,/api/v1/documents/{document_id}/,50,10000.0,0
official document status,GET,/api/v1/documents/{document_id}/,51,10000.0,0
official document status,GET,/api/v1/documents/{document_id}/,52,10000.0,0
official document status,GET,/api/v1/documents/{document_id}/,53,10000.0,0
official document status,GET,/api/v1/documents/{document_id}/,54,10000.0,0
official document status,GET,/api/v1/documents/{document_id}/,55,10000.0,0
official document status,GET,/api/v1/documents/{document_id}/,56,10000.0,0
official document status,GET,/api/v1/documents/{document_id}/,57,10000.0,0
official document status,GET,/api/v1/documents/{document_id}/,58,10000.0,0
official document status,GET,/api/v1/documents/{document_id}/,59,10000.0,0
official document status,GET,/api/v1/documents/{document_id}/,60,10000.0,0
official document status,GET,/api/v1/documents/{document_id}/,61,10000.0,0
official document status,GET,/api/v1/documents/{document_id}/,62,10000.0,0
official document status,GET,/api/v1/documents/{document_id}/,63,10000.0,0
official document status,GET,/api/v1/documents/{document_id}/,64,10000.0,0
official document status,GET,/api/v1/documents/{document_id}/,65,10000.0,0
official document status,GET,/api/v1/documents/{document_id}/,66,10000.0,0
official document status,GET,/api/v1/documents/{document_id}/,67,10000.0,0
official document status,GET,/api/v1/documents/{document_id}/,68,10000.0,0
official document status,GET,/api/v1/documents/{document_id}/,69,10000.0,0
official document status,GET,/api/v1/documents/{document_id}/,70,10000.0,0
official document status,GET,/api/v1/documents/{document_id}/,71,10000.0,0
official document status,GET,/api/v1/documents/{document_id}/,72,10000.0,0
official document status,GET,/api/v1/documents/{document_id}/,73,10000.0,0
official document status,GET,/api/v1/documents/{document_id}/,74,10000.0,0
official document status,GET,/api/v1/documents/{document_id}/,75,10000.0,0
official document status,GET,/api/v1/documents/{document_id}/,76,10000.0,0
official document status,GET,/api/v1/documents/{document_id}/,77,10000.0,0
official document status,GET,/api/v1/documents/{document_id}/,78,10000.0,0
official document status,GET,/api/v1/documents/{document_id}/,79,10000.0,0
official document status,GET,/api/v1/documents/{document_id}/,80,10000.0,0
official document status,GET,/api/v1/documents/{document_id}/,81,10000.0,0
official document status,GET,/api/v1/documents/{document_id}/,82,10000.0,0
official document status,GET,/api/v1/documents/{document_id}/,83,10000.0,0
official document status,GET,/api/v1/documents/{document_id}/,84,10000.0,0
official document status,GET,/api/v1/documents/{document_id}/,85,10000.0,0
official document status,GET,/api/v1/documents/{document_id}/,86,10000.0,0
official document status,GET,/api/v1/documents/{document_id}/,87,10000.0,0
official document status,GET,/api/v1/documents/{document_id}/,88,10000.0,0
official document status,GET,/api/v1/documents/{document_id}/,89,10000.0,0
official document status,GET,/api/v1/documents/{document_id}/,90,10000.0,0
official document status,GET,/api/v1/documents/{document_id}/,91,10000.0,0
official document status,GET,/api/v1/documents/{document_id}/,92,10000.0,0
official document status,GET,/api/v1/documents/{document_id}/,93,10000.0,0
official document status,GET,/api/v1/documents/{document_id}/,94,10000.0,0
official document status,GET,/api/v1/documents/{document_id}/,95,10000.0,0
official document status,GET,/api/v1/documents/{document_id}/,96,10000.0,0
official document status,GET,/api/v1/documents/{document_id}/,97,10000.0,0
official document status,GET,/api/v1/documents/{document_id}/,98,10000.0,0
official document status,GET,/api/v1/documents/{document_id}/,99,10000.0,0
official document download,GET,/api/v1/documents/{document_id}/download/,0,10000.0,0
official document download,GET,/api/v1/documents/{document_id}/download/,1,10000.0,0
official document download,GET,/api/v1/documents/{document_id}/download/,2,10000.0,0
official document download,GET,/api/v1/documents/{document_id}/download/,3,10000.0,0
official document download,GET,/api/v1/documents/{document_id}/download/,4,10000.0,0
official document download,GET,/api/v1/documents/{document_id}/download/,5,10000.0,0
official document download,GET,/api/v1/documents/{document_id}/download/,6,10000.0,0
official document download,GET,/api/v1/documents/{document_id}/download/,7,10000.0,0
official document download,GET,/api/v1/documents/{document_id}/download/,8,10000.0,0
official document download,GET,/api/v1/documents/{document_id}/download/,9,10000.0,0
official document download,GET,/api/v1/documents/{document_id}/download/,10,10000.0,0
official document download,GET,/api/v1/documents/{document_id}/download/,11,10000.0,0
official document download,GET,/api/v1/documents/{document_id}/download/,12,10000.0,0
official document download,GET,/api/v1/documents/{document_id}/download/,13,10000.0,0
official document download,GET,/api/v1/documents/{document_id}/download/,14,10000.0,0
official document download,GET,/api/v1/documents/{document_id}/download/,15,10000.0,0
official document download,GET,/api/v1/documents/{document_id}/download/,16,10000.0,0
official document download,GET,/api/v1/documents/{document_id}/download/,17,10000.0,0
official document download,GET,/api/v1/documents/{document_id}/download/,18,10000.0,0
official document download,GET,/api/v1/documents/{document_id}/download/,19,10000.0,0
official document download,GET,/api/v1/documents/{document_id}/download/,20,10000.0,0
official document download,GET,/api/v1/documents/{document_id}/download/,21,10000.0,0
official document download,GET,/api/v1/documents/{document_id}/download/,22,10000.0,0
official document download,GET,/api/v1/documents/{document_id}/download/,23,10000.0,0
official document download,GET,/api/v1/documents/{document_id}/download/,24,10000.0,0
official document download,GET,/api/v1/documents/{document_id}/download/,25,10000.0,0
official document download,GET,/api/v1/documents/{document_id}/download/,26,10000.0,0
official document download,GET,/api/v1/documents/{document_id}/download/,27,10000.0,0
official document download,GET,/api/v1/documents/{document_id}/download/,28,10000.0,0
official document download,GET,/api/v1/documents/{document_id}/download/,29,10000.0,0
official document download,GET,/api/v1/documents/{document_id}/download/,30,10000.0,0
official document download,GET,/api/v1/documents/{document_id}/download/,31,10000.0,0
official document download,GET,/api/v1/documents/{document_id}/download/,32,10000.0,0
official document download,GET,/api/v1/documents/{document_id}/download/,33,10000.0,0
official document download,GET,/api/v1/documents/{document_id}/download/,34,10000.0,0
official document download,GET,/api/v1/documents/{document_id}/download/,35,10000.0,0
official document download,GET,/api/v1/documents/{document_id}/download/,36,10000.0,0
official document download,GET,/api/v1/documents/{document_id}/download/,37,10000.0,0
official document download,GET,/api/v1/documents/{document_id}/download/,38,10000.0,0
official document download,GET,/api/v1/documents/{document_id}/download/,39,10000.0,0
official document download,GET,/api/v1/documents/{document_id}/download/,40,10000.0,0
official document download,GET,/api/v1/documents/{document_id}/download/,41,10000.0,0
official document download,GET,/api/v1/documents/{document_id}/download/,42,10000.0,0
official document download,GET,/api/v1/documents/{document_id}/download/,43,10000.0,0
official document download,GET,/api/v1/documents/{document_id}/download/,44,10000.0,0
official document download,GET,/api/v1/documents/{document_id}/download/,45,10000.0,0
official document download,GET,/api/v1/documents/{document_id}/download/,46,10000.0,0
official document download,GET,/api/v1/documents/{document_id}/download/,47,10000.0,0
official document download,GET,/api/v1/documents/{document_id}/download/,48,10000.0,0
official document download,GET,/api/v1/documents/{document_id}/download/,49,10000.0,0
official document download,GET,/api/v1/documents/{document_id}/download/,50,10000.0,0
official document download,GET,/api/v1/documents/{document_id}/download/,51,10000.0,0
official document download,GET,/api/v1/documents/{document_id}/download/,52,10000.0,0
official document download,GET,/api/v1/documents/{document_id}/download/,53,10000.0,0
official document download,GET,/api/v1/documents/{document_id}/download/,54,10000.0,0
official document download,GET,/api/v1/documents/{document_id}/download/,55,10000.0,0
official document download,GET,/api/v1/documents/{document_id}/download/,56,10000.0,0
official document download,GET,/api/v1/documents/{document_id}/download/,57,10000.0,0
official document download,GET,/api/v1/documents/{document_id}/download/,58,10000.0,0
official document download,GET,/api/v1/documents/{document_id}/download/,59,10000.0,0
official document download,GET,/api/v1/documents/{document_id}/download/,60,10000.0,0
official document download,GET,/api/v1/documents/{document_id}/download/,61,10000.0,0
official document download,GET,/api/v1/documents/{document_id}/download/,62,10000.0,0
official document download,GET,/api/v1/documents/{document_id}/download/,63,10000.0,0
official document download,GET,/api/v1/documents/{document_id}/download/,64,10000.0,0
official document download,GET,/api/v1/documents/{document_id}/download/,65,10000.0,0
official document download,GET,/api/v1/documents/{document_id}/download/,66,10000.0,0
official document download,GET,/api/v1/documents/{document_id}/download/,67,10000.0,0
official document download,GET,/api/v1/documents/{document_id}/download/,68,10000.0,0
official document download,GET,/api/v1/documents/{document_id}/download/,69,10000.0,0
official document download,GET,/api/v1/documents/{document_id}/download/,70,10000.0,0
official document download,GET,/api/v1/documents/{document_id}/download/,71,10000.0,0
official document download,GET,/api/v1/documents/{document_id}/download/,72,10000.0,0
official document download,GET,/api/v1/documents/{document_id}/download/,73,10000.0,0
official document download,GET,/api/v1/documents/{document_id}/download/,74,10000.0,0
official document download,GET,/api/v1/documents/{document_id}/download/,75,10000.0,0
official document download,GET,/api/v1/documents/{document_id}/download/,76,10000.0,0
official document download,GET,/api/v1/documents/{document_id}/download/,77,10000.0,0
official document download,GET,/api/v1/documents/{document_id}/download/,78,10000.0,0
official document download,GET,/api/v1/documents/{document_id}/download/,79,10000.0,0
official document download,GET,/api/v1/documents/{document_id}/download/,80,10000.0,0
official document download,GET,/api/v1/documents/{document_id}/download/,81,10000.0,0
official document download,GET,/api/v1/documents/{document_id}/download/,82,10000.0,0
official document download,GET,/api/v1/documents/{document_id}/download/,83,10000.0,0
official document download,GET,/api/v1/documents/{document_id}/download/,84,10000.0,0
official document download,GET,/api/v1/documents/{document_id}/download/,85,10000.0,0
official document download,GET,/api/v1/documents/{document_id}/download/,86,10000.0,0
official document download,GET,/api/v1/documents/{document_id}/download/,87,10000.0,0
official document download,GET,/api/v1/documents/{document_id}/download/,88,10000.0,0
official document download,GET,/api/v1/documents/{document_id}/download/,89,10000.0,0
official document download,GET,/api/v1/documents/{document_id}/download/,90,10000.0,0
official document download,GET,/api/v1/documents/{document_id}/download/,91,10000.0,0
official document download,GET,/api/v1/documents/{document_id}/download/,92,10000.0,0
official document download,GET,/api/v1/documents/{document_id}/download/,93,10000.0,0
official document download,GET,/api/v1/documents/{document_id}/download/,94,10000.0,0
official document download,GET,/api/v1/documents/{document_id}/download/,95,10000.0,0
official document download,GET,/api/v1/documents/{document_id}/download/,96,10000.0,0
official document download,GET,/api/v1/documents/{document_id}/download/,97,10000.0,0
official document download,GET,/api/v1/documents/{document_id}/download/,98,10000.0,0
official document download,GET,/api/v1/documents/{document_id}/download/,99,10000.0,0
settlement summary,GET,/api/v1/analytics/funnel/,0,838.011,404
settlement summary,GET,/api/v1/analytics/funnel/,1,902.844,404
settlement summary,GET,/api/v1/analytics/funnel/,2,920.909,404
settlement summary,GET,/api/v1/analytics/funnel/,3,613.679,404
settlement summary,GET,/api/v1/analytics/funnel/,4,614.536,404
settlement summary,GET,/api/v1/analytics/funnel/,5,614.264,404
settlement summary,GET,/api/v1/analytics/funnel/,6,614.844,404
settlement summary,GET,/api/v1/analytics/funnel/,7,921.204,404
settlement summary,GET,/api/v1/analytics/funnel/,8,613.85,404
settlement summary,GET,/api/v1/analytics/funnel/,9,716.039,404
settlement summary,GET,/api/v1/analytics/funnel/,10,820.569,404
settlement summary,GET,/api/v1/analytics/funnel/,11,921.095,404
settlement summary,GET,/api/v1/analytics/funnel/,12,921.422,404
settlement summary,GET,/api/v1/analytics/funnel/,13,870.181,404
settlement summary,GET,/api/v1/analytics/funnel/,14,971.991,404
settlement summary,GET,/api/v1/analytics/funnel/,15,736.557,404
settlement summary,GET,/api/v1/analytics/funnel/,16,594.936,404
settlement summary,GET,/api/v1/analytics/funnel/,17,605.812,404
settlement summary,GET,/api/v1/analytics/funnel/,18,622.365,404
settlement summary,GET,/api/v1/analytics/funnel/,19,527.655,404
settlement summary,GET,/api/v1/analytics/funnel/,20,906.799,429
settlement summary,GET,/api/v1/analytics/funnel/,21,716.633,429
settlement summary,GET,/api/v1/analytics/funnel/,22,819.288,429
settlement summary,GET,/api/v1/analytics/funnel/,23,995.553,429
settlement summary,GET,/api/v1/analytics/funnel/,24,744.962,429
settlement summary,GET,/api/v1/analytics/funnel/,25,715.49,429
settlement summary,GET,/api/v1/analytics/funnel/,26,718.338,429
settlement summary,GET,/api/v1/analytics/funnel/,27,921.852,429
settlement summary,GET,/api/v1/analytics/funnel/,28,610.356,429
settlement summary,GET,/api/v1/analytics/funnel/,29,616.571,429
settlement summary,GET,/api/v1/analytics/funnel/,30,671.12,429
settlement summary,GET,/api/v1/analytics/funnel/,31,660.814,429
settlement summary,GET,/api/v1/analytics/funnel/,32,613.237,429
settlement summary,GET,/api/v1/analytics/funnel/,33,614.186,429
settlement summary,GET,/api/v1/analytics/funnel/,34,614.121,429
settlement summary,GET,/api/v1/analytics/funnel/,35,614.839,429
settlement summary,GET,/api/v1/analytics/funnel/,36,614.948,429
settlement summary,GET,/api/v1/analytics/funnel/,37,716.322,429
settlement summary,GET,/api/v1/analytics/funnel/,38,811.196,429
settlement summary,GET,/api/v1/analytics/funnel/,39,724.766,429
settlement summary,GET,/api/v1/analytics/funnel/,40,819.615,429
settlement summary,GET,/api/v1/analytics/funnel/,41,921.085,429
settlement summary,GET,/api/v1/analytics/funnel/,42,715.833,429
settlement summary,GET,/api/v1/analytics/funnel/,43,614.229,429
settlement summary,GET,/api/v1/analytics/funnel/,44,561.56,429
settlement summary,GET,/api/v1/analytics/funnel/,45,447.29,429
settlement summary,GET,/api/v1/analytics/funnel/,46,527.351,429
settlement summary,GET,/api/v1/analytics/funnel/,47,296.51,429
settlement summary,GET,/api/v1/analytics/funnel/,48,396.605,429
settlement summary,GET,/api/v1/analytics/funnel/,49,639.148,429
settlement summary,GET,/api/v1/analytics/funnel/,50,1023.188,429
settlement summary,GET,/api/v1/analytics/funnel/,51,818.313,429
settlement summary,GET,/api/v1/analytics/funnel/,52,819.733,429
settlement summary,GET,/api/v1/analytics/funnel/,53,936.45,429
settlement summary,GET,/api/v1/analytics/funnel/,54,364.472,429
settlement summary,GET,/api/v1/analytics/funnel/,55,468.567,429
settlement summary,GET,/api/v1/analytics/funnel/,56,686.42,429
settlement summary,GET,/api/v1/analytics/funnel/,57,717.607,429
settlement summary,GET,/api/v1/analytics/funnel/,58,613.596,429
settlement summary,GET,/api/v1/analytics/funnel/,59,1141.976,429
settlement summary,GET,/api/v1/analytics/funnel/,60,708.636,429
settlement summary,GET,/api/v1/analytics/funnel/,61,505.29,429
settlement summary,GET,/api/v1/analytics/funnel/,62,703.893,429
settlement summary,GET,/api/v1/analytics/funnel/,63,1445.947,429
settlement summary,GET,/api/v1/analytics/funnel/,64,562.627,429
settlement summary,GET,/api/v1/analytics/funnel/,65,1076.117,429
settlement summary,GET,/api/v1/analytics/funnel/,66,915.641,429
settlement summary,GET,/api/v1/analytics/funnel/,67,801.445,429
settlement summary,GET,/api/v1/analytics/funnel/,68,616.521,429
settlement summary,GET,/api/v1/analytics/funnel/,69,736.989,429
settlement summary,GET,/api/v1/analytics/funnel/,70,1000.835,429
settlement summary,GET,/api/v1/analytics/funnel/,71,321.624,429
settlement summary,GET,/api/v1/analytics/funnel/,72,929.998,429
settlement summary,GET,/api/v1/analytics/funnel/,73,2252.425,429
settlement summary,GET,/api/v1/analytics/funnel/,74,263.699,429
settlement summary,GET,/api/v1/analytics/funnel/,75,862.77,429
settlement summary,GET,/api/v1/analytics/funnel/,76,520.623,429
settlement summary,GET,/api/v1/analytics/funnel/,77,1014.805,429
settlement summary,GET,/api/v1/analytics/funnel/,78,923.022,429
settlement summary,GET,/api/v1/analytics/funnel/,79,511.123,429
settlement summary,GET,/api/v1/analytics/funnel/,80,512.344,429
settlement summary,GET,/api/v1/analytics/funnel/,81,782.898,429
settlement summary,GET,/api/v1/analytics/funnel/,82,1060.403,429
settlement summary,GET,/api/v1/analytics/funnel/,83,900.2,429
settlement summary,GET,/api/v1/analytics/funnel/,84,838.908,429
settlement summary,GET,/api/v1/analytics/funnel/,85,717.038,429
settlement summary,GET,/api/v1/analytics/funnel/,86,614.159,429
settlement summary,GET,/api/v1/analytics/funnel/,87,788.104,429
settlement summary,GET,/api/v1/analytics/funnel/,88,901.148,429
settlement summary,GET,/api/v1/analytics/funnel/,89,768.697,429
settlement summary,GET,/api/v1/analytics/funnel/,90,1023.363,429
settlement summary,GET,/api/v1/analytics/funnel/,91,820.264,429
settlement summary,GET,/api/v1/analytics/funnel/,92,606.422,429
settlement summary,GET,/api/v1/analytics/funnel/,93,725.039,429
settlement summary,GET,/api/v1/analytics/funnel/,94,347.341,429
settlement summary,GET,/api/v1/analytics/funnel/,95,579.788,429
settlement summary,GET,/api/v1/analytics/funnel/,96,606.688,429
settlement summary,GET,/api/v1/analytics/funnel/,97,304.881,429
settlement summary,GET,/api/v1/analytics/funnel/,98,551.525,429
settlement summary,GET,/api/v1/analytics/funnel/,99,885.166,429
